p_id,name,price,colour,brand,img,No of Right Swipes,No of rents,ratingCount,avg_rating,Body Shape ID,Body or Garment Size,Bottom Closure,Bottom Fabric,Bottom Pattern,Bottom Type,Dupatta,Dupatta Border,Dupatta Fabric,Dupatta Pattern,Main Trend,Neck,Number of Pockets,Occasion,Pattern Coverage,Print or Pattern Type,Sleeve Length,Sleeve Styling,Slit Detail,Stitch,Sustainable,Top Design Styling,Top Fabric,Top Hemline,Top Length,Top Pattern,Top Shape,Top Type,Waistband,Wash Care,Weave Pattern,Weave Type,Ornamentation
17048614,Khushal K Women Black Ethnic Motifs Printed Kurta with Palazzos & With Dupatta,5099,Black,Khushal K,http://assets.myntassets.com/assets/images/17048614/2022/2/4/b0eb9426-adf2-4802-a6b3-5dbacbc5f2511643971561167KhushalKWomenBlackEthnicMotifsAngrakhaBeadsandStonesKurtawit7.jpg,6756,5439,4522,4.418398939,"4,43,33,33,24,424",Garment Measurements in,Slip-On,Viscose Rayon,Printed,Palazzos,With Dupatta,Solid,Viscose Rayon,Printed,Indie Prints,Mandarin Collar,0,Festive,Placement,Ethnic Motifs,Three-Quarter Sleeves,Regular Sleeves,,Ready to Wear,Regular,Regular,Viscose Rayon,Flared,Calf Length,Printed,Anarkali,Kurta,Elasticated,Machine Wash,Regular,Machine Weave,Thread Work
16524740,InWeave Women Orange Solid Kurta with Palazzos & Floral Print Dupatta,5899,Orange,InWeave,http://assets.myntassets.com/assets/images/16524740/2021/12/29/17ab2ac8-2e60-422d-9d20-2527415932361640754214931-STRAPPY-SET-IN-ORANGE-WITH-ORGANZA-DUPATTA-5961640754214349-2.jpg,2078,2014,1081,4.11933395,"4,43,33,33,24,424",Garment Measurements in,Zip,Viscose Rayon,Solid,Palazzos,With Dupatta,Printed,Organza,Printed,NA,Square Neck,0,Fusion,None,Solid,Sleeveless,Shoulder Straps,,Ready to Wear,Regular,Regular,Viscose Rayon,Flared,Calf Length,Solid,A-Line,Kurta,Elasticated,Hand Wash,Regular,Machine Weave,Thread Work
16331376,Anubhutee Women Navy Blue Ethnic Motifs Embroidered Thread Work Kurta with Trousers & With Dupatta,4899,Navy Blue,Anubhutee,http://assets.myntassets.com/assets/images/16331376/2021/12/2/b8c4f90f-683c-48d2-b8ac-19891a87c0651638428628378KurtaSets1.jpg,3223,2036,1752,4.16152968,"3,33,424",Garment Measurements in,Slip-On,Viscose Rayon,Printed,Trousers,With Dupatta,Tassels,Voile,Embroidered,NA,Round Neck,0,Daily,Large,Ethnic Motifs,Three-Quarter Sleeves,No Sleeves,,Ready to Wear,Regular,Regular,Viscose Rayon,Flared,Above Knee,Printed,A-Line,Kurta,Elasticated,Hand Wash,Regular,Machine Weave,Thread Work
14709966,Nayo Women Red Floral Printed Kurta With Trouser & Dupatta,3699,Red,Nayo,http://assets.myntassets.com/assets/images/14709966/2021/7/10/d2407657-1f04-4d13-9f52-9e134050489b1625905793495-Nayo-Women-Red-Ethnic-Motifs-Printed-Empire-Pure-Cotton-Kurt-1.jpg,4345,4234,4113,4.088986142,"3,33,424",Garment Measurements in,Slip-On,Pure Cotton,Printed,Trousers,With Dupatta,Printed,Cotton Blend,Printed,NA,Round Neck,0,Daily,Large,Ethnic Motifs,Three-Quarter Sleeves,Regular Sleeves,Front Slit,Ready to Wear,Regular,Empire,Pure Cotton,Flared,Calf Length,Printed,Anarkali,Kurta,Elasticated,Hand Wash,Regular,Machine Weave,Zari
11056154,AHIKA Women Black & Green Printed Straight Kurta,1350,Black,AHIKA,http://assets.myntassets.com/assets/images/11056154/2019/12/5/30b0017d-7e72-4d40-9633-ef78d01719741575541717470-AHIKA-Women-Black--Green-Printed-Straight-Kurta-990157554171-1.jpg,29876,25614,21274,3.978377362,424,Garment Measurements in,Zip,Poly Crepe,Solid,Sharara,No Dupatta,No Dupatta,No Dupatta,No Dupatta,NA,Round Neck,0,Daily,Mid,Ethnic Motifs,Three-Quarter Sleeves,Regular Sleeves,Side Slits,Ready to Wear,Regular,Empire,Poly Crepe,Straight,Calf Length,Solid,Straight,Kurti,No Elastic,Machine Wash,Regular,Machine Weave,Zari
18704418,Soch Women Red Thread Work Georgette Anarkali Kurta,3498,Red,Soch,http://assets.myntassets.com/assets/images/18704418/2022/6/11/507490f7-c8f9-492c-b3f8-c7e977d1af701654922515416SochWomenRedThreadWorkGeorgetteAnarkaliKurta1.jpg,8997,8004,7889,4.111245,"33,33,24,424",To-Fit Denotes Body Measurements in,Drawstring,Poly Crepe,checked,Trousers,No Dupatta,No Dupatta,No Dupatta,No Dupatta,NA,Mandarin Collar,0,Daily,Mid,Solid,Long Sleeves,Regular Sleeves,Front Slit,Ready to Wear,Regular,Empire,Poly Crepe,Curved,Floor Length,checked,A-Line,Kurti,No Elastic,Hand Wash,Regular,Machine Weave,Thread Work
14046594,Libas Women Navy Blue Pure Cotton Floral Print Kurta with Palazzos & Dupatta,3599,Navy Blue,Libas,http://assets.myntassets.com/assets/images/14046594/2022/6/9/5fba9594-3301-4881-ba56-d56a44570e831654747998773LibasWomenNavyBluePureCottonFloralPrintKurtawithPalazzosDupa1.jpg,9863,8770,8695,4.435652674,"4,43,33,33,24,424",Garment Measurements in,Slip-On,Pure Cotton,Printed,Palazzos,With Dupatta,Fringed,Pure Cotton,Printed,Floral,Keyhole Neck,2,Fusion,Large,Floral,Three-Quarter Sleeves,Regular Sleeves,,Ready to Wear,Regular,Pleated,Pure Cotton,Flared,Calf Length,Printed,Anarkali,Kurta,Partially Elasticated,Machine Wash,Regular,Machine Weave,Gotta Patti
14951330,Ahalyaa Women Beige Floral Printed Regular Gotta Patti Kurta with Palazzos & With Dupatta,6000,Beige,Ahalyaa,http://assets.myntassets.com/assets/images/14951330/2022/2/16/e6b90907-a613-45e1-9b2e-988caaba36581645010770505-Ahalyaa-Women-Beige-Floral-Printed-Regular-Gotta-Patti-Kurta-1.jpg,2313,1750,1741,3.545089029,"4,43,33,33,24,424",Garment Measurements in,Slip-On,Poly Crepe,Printed,Palazzos,With Dupatta,Tassels,Net,Printed,Floral,Round Neck,0,Festive,Large,Floral,Long Sleeves,Regular Sleeves,Side Slits,Ready to Wear,Regular,Regular,Poly Crepe,Straight,Calf Length,Printed,Straight,Kurta,Partially Elasticated,Machine Wash,Regular,Machine Weave,Gotta Patti
13791594,Anouk Women Yellow & White Printed Kurta with Palazzos,1999,Yellow,Anouk,http://assets.myntassets.com/assets/images/13791594/2022/2/14/5ea707f4-8491-4d1c-b520-86a1cff4c86e1644841891629-Anouk-Women-Yellow--White-Printed-Kurta-with-Palazzos-706164-1.jpg,7652,7111,7012,4.245864233,"4,43,33,33,24,424",To-Fit Denotes Body Measurements in,Drawstring,Pure Cotton,Printed,Palazzos,No Dupatta,No Dupatta,No Dupatta,No Dupatta,NA,Round Neck,0,Daily,Large,Floral,Three-Quarter Sleeves,Regular Sleeves,Side Slits,Ready to Wear,Regular,Regular,Pure Cotton,Straight,Knee Length,Printed,Straight,Kurta,Partially Elasticated,Machine Wash,Regular,Machine Weave,Zari
17048604,Khushal K Women Green & Pink Printed Pure Cotton Kurta with Palazzos & Dupatta,5299,Green,Khushal K,http://assets.myntassets.com/assets/images/17048604/2022/2/4/11b842c5-d9d4-4fee-baa2-0972e3a673641643970773675KhushalKWomenGreenEthnicMotifsPrintedEmpireGottaPattiPureCot7.jpg,3234,2111,1590,4.266037736,"4,43,33,33,24,424",Garment Measurements in,Slip-On,Pure Cotton,Printed,Palazzos,With Dupatta,Taping,Silk Chiffon,Solid,NA,Round Neck,0,Daily,Large,Ethnic Motifs,Three-Quarter Sleeves,Regular Sleeves,,Ready to Wear,Regular,Regular,Pure Cotton,Flared,Calf Length,Printed,A-Line,Kurta,Elasticated,Machine Wash,Regular,Machine Weave,Gotta Patti
10356859,Libas Floral Bliss Side Pocket Cotton Kurta Set,2499,Pink,Libas,http://assets.myntassets.com/assets/images/10356859/2019/8/8/b783aef9-c902-462e-af73-de159bfd011c1565256752191-Libas-Women-Kurta-Sets-2081565256750830-1.jpg,12987,12778,12568,3.963239975,"3,33,424",Garment Measurements in,Slip-On,Pure Cotton,Printed,Trousers,No Dupatta,No Dupatta,No Dupatta,No Dupatta,NA,Keyhole Neck,0,Daily,Large,Floral,Short Sleeves,Regular Sleeves,,Ready to Wear,Regular,Regular,Pure Cotton,Straight,Calf Length,Printed,A-Line,Kurta,Partially Elasticated,Machine Wash,Regular,Machine Weave,Gotta Patti
12413214,Varanga Women Mustard Yellow Floral Yoke Embroidered Straight Kurta,1999,Mustard,Varanga,http://assets.myntassets.com/assets/images/12413214/2021/11/22/bb925efb-80d9-4cb6-838c-df86f1ba3c3e1637570416652-Varanga-Women-Mustard-Yellow-Floral-Yoke-Embroidered-Straigh-1.jpg,5432,4446,2426,4.254328112,424,To-Fit Denotes Body Measurements in,Zip,Poly Crepe,Embroidered,Skirt,No Dupatta,No Dupatta,No Dupatta,No Dupatta,NA,Round Neck,0,Daily,Mid,Floral,Three-Quarter Sleeves,Regular Sleeves,Side Slits,Ready to Wear,Regular,Pleated,Poly Crepe,Straight,Floor Length,Embroidered,Straight,Kurti,No Elastic,Dry Clean,Regular,Machine Weave,Thread Work
16600750,AHIKA Women Teal Ethnic Motifs Yoke Design Kurta with Trousers & With Dupatta,3748,Teal,AHIKA,http://assets.myntassets.com/assets/images/16600750/2021/12/23/7d7656e5-e37d-4f61-9407-98bd341ca8f91640261029836KurtaSets1.jpg,1298,1278,1268,4.095425868,"3,33,424",Garment Measurements in,Zip,Poly Silk,Solid,Trousers,With Dupatta,Taping,Art Silk,Printed,NA,Keyhole Neck,0,Festive,Yoke or Border,Ethnic Motifs,Three-Quarter Sleeves,Regular Sleeves,Multiple Slits,Ready to Wear,Regular,Panelled,Poly Silk,Flared,Calf Length,Solid,A-Line,Kurta,Partially Elasticated,Hand Wash,Regular,Machine Weave,Gotta Patti
9867983,Vishudh Women Navy Blue Floral Printed Regular Pure Cotton Kurta with Palazzos,2149,Navy Blue,Vishudh,http://assets.myntassets.com/assets/images/9867983/2019/5/31/43d65352-9853-498e-95a4-be514df0be901559294212152-Vishudh--Straight-Kurta-With-Crop-Palazzo-7041559294209627-1.jpg,3213,2777,2676,4.032884903,"4,43,33,33,24,424",Garment Measurements in,Slip-On,Pure Cotton,Printed,Palazzos,No Dupatta,No Dupatta,No Dupatta,No Dupatta,Indigo,Mandarin Collar,0,Daily,Large,Floral,Three-Quarter Sleeves,Roll-Up Sleeves,Side Slits,Ready to Wear,Regular,Regular,Pure Cotton,Straight,Calf Length,Printed,Straight,Kurta,Elasticated,Machine Wash,Regular,Machine Weave,Thread Work
14399798,Anouk Women Peach-Coloured Yoke Design Mirror-Work Kurta with Trousers & With Dupatta,3799,Peach,Anouk,http://assets.myntassets.com/assets/images/14399798/2022/4/20/4a37718e-8942-479c-a7ea-0b074d53ee4b1650456566424AnoukWomenPeach-ColouredYokeDesignMirror-WorkKurtawithTrouse1.jpg,2031,1111,904,4.207964602,"3,33,424",To-Fit Denotes Body Measurements in,Slip-On,Viscose Rayon,Solid,Trousers,With Dupatta,Taping,Poly Chiffon,Solid,NA,Round Neck,2,Festive,Yoke or Border,Ethnic Motifs,Three-Quarter Sleeves,Regular Sleeves,Side Slits,Ready to Wear,Regular,Regular,Viscose Rayon,Straight,Calf Length,Solid,Straight,Kurta,Partially Elasticated,Hand Wash,Regular,Machine Weave,Mirror Work
18372852,SheWill Women Maroon Ethnic Motifs Yoke Design Thread Work Kurta with Trousers & With Dupatta,6699,Maroon,SheWill,http://assets.myntassets.com/assets/images/18372852/2022/7/20/5910af54-3435-40d5-95d4-0ac2daf797f51658319613886-SheWill-Women-Maroon-Ethnic-Yoke-Design-Embroided-Kurta-with-1.jpg,6754,5678,446,3.87621,"3,33,424",Garment Measurements in,Drawstring,Silk Blend,Solid,Trousers,With Dupatta,Tassels,Silk Chiffon,Printed,NA,Mandarin Collar,0,Daily,Yoke or Border,Ethnic Motifs,Three-Quarter Sleeves,Regular Sleeves,Side Slits,Ready to Wear,Regular,Regular,Silk Blend,Straight,Calf Length,Solid,Straight,Kurta,Partially Elasticated,Dry Clean,Regular,Machine Weave,Thread Work
15241816,Varanga Women Yellow & Peach-Coloured Floral Screen Printed Gotta Patti Straight Kurta,2799,Yellow,Varanga,http://assets.myntassets.com/assets/images/15241816/2021/8/24/d57adb8b-e792-477a-8801-6ea570cd88ef1629800170287VarangaWomenYellowFloralPrintedKeyholeNeckThreadWorkKurta1.jpg,2387,1987,1811,4.057426836,424,To-Fit Denotes Body Measurements in,Zip,Poly Crepe,Embroidered,Skirt,No Dupatta,No Dupatta,No Dupatta,No Dupatta,Floral,Round Neck,0,Daily,Mid,Floral,Three-Quarter Sleeves,Regular Sleeves,Side Slits,Ready to Wear,Regular,Pleated,Poly Crepe,Curved,Floor Length,Embroidered,Anarkali,Kurti,No Elastic,Hand Wash,Regular,Machine Weave,Gotta Patti
15055304,Libas Women Blue Embroidered Panelled Kurta with Churidar & With Dupatta,4999,Blue,Libas,http://assets.myntassets.com/assets/images/15055304/2021/8/27/0d391a8b-ea8c-4258-86d5-a99b9f3f34201630040200642-Libas-Women-Kurta-Sets-5941630040199555-1.jpg,2388,1112,544,4.338235294,"3,33,424",Garment Measurements in,Slip-On,Silk Blend,Solid,Churidar,With Dupatta,Taping,Net,Solid,NA,Round Neck,2,Festive,Large,Geometric,Long Sleeves,Regular Sleeves,,Ready to Wear,Regular,Panelled,Poly Georgette,Flared,Floor Length,Solid,A-Line,Kurta,Elasticated,Hand Wash,Regular,Machine Weave,Thread Work
14649544,JAIPURI BUNAAI Women Blue & Orange Ethnic Motifs Printed Kurta With Trousers & Dupatta,3999,Blue,JAIPURI BUNAAI,http://assets.myntassets.com/assets/images/productimage/2021/6/25/d6b74d2b-825f-4b34-af01-9d6336045bdb1624612149604-1.jpg,2389,1987,1576,4.044416244,"3,33,424",Garment Measurements in,Slip-On,Viscose Rayon,Printed,Trousers,With Dupatta,Solid,Viscose Rayon,Printed,Indigo,Round Neck,0,Daily,Small,Ethnic Motifs,Three-Quarter Sleeves,Regular Sleeves,Side Slits,Ready to Wear,Regular,Regular,Viscose Rayon,Straight,Calf Length,Printed,Straight,Kurta,Elasticated,Machine Wash,Regular,Machine Weave,Thread Work
17581924,KALINI Women Sea Green Floral Yoke Design Pleated Pure Cotton Top with Skirt & With Dupatta,3999,Sea Green,KALINI,http://assets.myntassets.com/assets/images/17581924/2022/3/19/07adcdf7-eee1-4077-b55c-f6608caaa6f01647663614971KALINIWomenSeaGreenFloralYokeDesignPleatedPureCottonTopwithS4.jpg,2390,333,242,3.94214876,"4,43,33,33,24,424",To-Fit Denotes Body Measurements in,Zip,Pure Cotton,Printed,churidar,With Dupatta,Printed,Pure Cotton,Printed,NA,V-Neck,0,Daily,Large,Floral,Short Sleeves,Flared Sleeves,Front Slit,Ready to Wear,Sustainable,Pleated,Pure Cotton,Curved,Above Knee,Printed,A-Line,Top,Elasticated,Machine Wash,Regular,Machine Weave,Thread Work
13810898,Indo Era Women Blue & Green Printed Kurta with Palazzos & Dupatta,4599,Blue,Indo Era,http://assets.myntassets.com/assets/images/13810898/2021/4/6/6bc412bb-3cc6-4def-8833-f5580b0cc06a1617706648250-Indo-Era-Green-Printed-Straight-Kurta-Palazzo-With-Dupatta-S-1.jpg,2391,1984,1717,4.299941759,"4,43,33,33,24,424",Garment Measurements in,Slip-On,Pure Cotton,Solid,Palazzos,With Dupatta,Printed,Pure Cotton,Printed,NA,Mandarin Collar,0,Festive,Large,Ethnic Motifs,Three-Quarter Sleeves,Regular Sleeves,Side Slits,Ready to Wear,Regular,Regular,Pure Cotton,Straight,Calf Length,Solid,Straight,Kurta,Partially Elasticated,Hand Wash,Regular,Machine Weave,Gotta Patti
15150620,Anouk Women Pink & Blue Ethnic Motifs Embroidered Kurta with Trousers & With Dupatta,3899,Pink,Anouk,http://assets.myntassets.com/assets/images/15150620/2021/9/8/b1bd0687-7533-428d-8258-d29c793fc4541631092430795-Anouk-Women-Kurta-Sets-941631092429795-1.jpg,2392,343,273,4.084249084,"3,33,424",To-Fit Denotes Body Measurements in,Slip-On,Viscose Rayon,Solid,Trousers,With Dupatta,Fringed,Organza,Embroidered,NA,Round Neck,1,Festive,Yoke or Border,Ethnic Motifs,Three-Quarter Sleeves,Regular Sleeves,Side Slits,Ready to Wear,Regular,Regular,Viscose Rayon,Straight,Calf Length,Solid,Straight,Kurta,Partially Elasticated,Machine Wash,Regular,Knitted and Woven,Sequinned
19240246,TOULIN Women Teal Floral Panelled Kurta with Palazzos & With Dupatta,4299,Teal,TOULIN,http://assets.myntassets.com/assets/images/19240246/2022/7/25/64e975d5-dbda-4c09-87c0-c5152f9e82c71658736715566TOULINWomenTealFloralAngrakhaKurtiwithPalazzosWithDupatta1.jpg,2393,1023,761,4.09876,"4,43,33,33,24,424",Garment Measurements in,Slip-On,Art Silk,Self Design,Palazzos,With Dupatta,Taping,Art Silk,Self Design,NA,Round Neck,0,Festive,Large,Floral,Long Sleeves,Regular Sleeves,,Ready to Wear,Regular,Panelled,Art Silk,Flared,Floor Length,Self Design,Anarkali,Kurta,Elasticated,Dry Clean,Regular,Knitted,Gotta Patti
12766966,Ishin Women Red & Orange Bandhani Print Anarkali Kurta,5399,Red,Ishin,http://assets.myntassets.com/assets/images/12766966/2020/11/19/d1a4cc48-ff90-47ab-ad36-800743e83d641605767381033-Ishin-Womens-Rayon-Red-Bandhani-Print-Embellished-Anarkali-K-1.jpg,2394,2395,2391,4.204935174,424,Garment Measurements in,Drawstring,Poly Crepe,Embroidered,Trousers,No Dupatta,No Dupatta,No Dupatta,No Dupatta,Floral,Round Neck,0,Festive,Mid,Bandhani,Three-Quarter Sleeves,Regular Sleeves,,Ready to Wear,Regular,Panelled,Poly Crepe,Curved,Knee Length,Embroidered,Straight,Top,No Elastic,Dry Clean,Regular,Machine Weave,Gotta Patti
14023594,Libas Women Maroon Printed Kurta with Palazzos & Dupatta,3999,Maroon,Libas,http://assets.myntassets.com/assets/images/productimage/2021/4/5/195aae75-105f-44f3-95d8-04c04501de851617598475258-1.jpg,2395,2000,1243,4.310539019,"4,43,33,33,24,424",Garment Measurements in,Slip-On,Pure Cotton,Printed,Palazzos,With Dupatta,Taping,Pure Cotton,Printed,NA,V-Neck,0,Daily,Large,Ethnic Motifs,Three-Quarter Sleeves,Flared Sleeves,Front Slit,Ready to Wear,Regular,Angrakha,Pure Cotton,Flared,Calf Length,Printed,A-Line,Kurta,Partially Elasticated,Machine Wash,Regular,Knitted and Woven,Thread Work
14346084,Nayo Women Pink & Off-White Floral Screen Print A-Line Pure Cotton Kurta Set With Dupatta,3699,Pink,Nayo,http://assets.myntassets.com/assets/images/productimage/2021/5/19/3d4648ec-8534-4333-ba00-71f016a7889c1621410078449-1.jpg,2396,2003,1247,4.256615878,"3,33,424",Garment Measurements in,Slip-On,Pure Cotton,Printed,Trousers,With Dupatta,Printed,Cotton Blend,Printed,NA,Round Neck,0,Daily,Large,Floral,Three-Quarter Sleeves,Regular Sleeves,,Ready to Wear,Regular,Regular,Pure Cotton,Flared,Calf Length,Printed,A-Line,Kurta,Elasticated,Machine Wash,Regular,Machine Weave,Zari
18829920,Virah Fashion Women Lime Green Embroidered Layered Thread Work Top with Sharara & With Dupatta,4999,Lime Green,Virah Fashion,http://assets.myntassets.com/assets/images/18829920/2022/6/23/4df23875-c0d5-4e8d-bf0e-b1a6e39fd6581655970565935VirahFashionWomenLimeGreenEmbroideredLayeredThreadWorkTopwit1.jpg,2397,1034,20,4.35,"4,43,33,33,24,424",Garment Measurements in,Zip,Poly Georgette,Embroidered,Sharara,With Dupatta,Taping,Poly Georgette,Embroidered,Floral,Boat Neck,0,Festive,Large,Geometric,Sleeveless,No Sleeves,Multiple Slits,Ready to Wear,Regular,Layered,Poly Georgette,Straight,Above Knee,Embroidered,A-Line,Top,Elasticated,Dry Clean,Regular,Knitted,Thread Work
11459658,Indo Era Folksy Floral Screen Print Cotton Kurta Set,4999,Burgundy,Indo Era,http://assets.myntassets.com/assets/images/11459658/2020/2/15/9b7f8d3f-e48f-4618-8eac-32cee1a0d4111581757541745-Indo-Era-Maroon-Floral-Printed-A-Line-Kurta-with-Palazzo-Set-1.jpg,8986,7344,7031,4.222585692,"3,33,424",Garment Measurements in,Slip-On,Pure Cotton,Solid,Trousers,With Dupatta,Solid,Pure Cotton,Printed,NA,Boat Neck,0,Daily,Small,Floral,Three-Quarter Sleeves,Regular Sleeves,,Ready to Wear,Regular,Panelled,Pure Cotton,Curved,Calf Length,Solid,A-Line,Kurta,Partially Elasticated,Hand Wash,Regular,Machine Weave,Gotta Patti
16522612,Kvsfab Women Pink Floral Embroidered Gotta Patti Kurta with Skirt & With Dupatta,6899,Pink,Kvsfab,http://assets.myntassets.com/assets/images/16522612/2021/12/27/ee378dc7-1065-4ae0-8cb6-4afb40cc27581640597727510-KVS-Fab-Pink-Rayon-Foli-Print--Stitched-Embroidery--Kurta-Se-1.jpg,6654,6548,253,4.363636364,"4,43,33,33,24,424",Garment Measurements in,Drawstring,Viscose Rayon,Embroidered,Skirt,With Dupatta,Taping,Silk Blend,Solid,NA,Round Neck,0,Festive,Large,Floral,Three-Quarter Sleeves,Regular Sleeves,Side Slits,Ready to Wear,Regular,Regular,Viscose Rayon,Straight,Calf Length,Embroidered,Straight,Kurta,No Elastic,Dry Clean,Regular,Machine Weave,Gotta Patti
15150642,Anouk Women Teal Blue & Pink Yoke Design Regular Kurta with Trousers & Dupatta,3899,Teal,Anouk,http://assets.myntassets.com/assets/images/15150642/2021/9/9/68ccde4c-f0fe-487d-9fa2-0aa4231a7dcf1631170046519-Anouk-Women-Kurta-Sets-801631170045543-1.jpg,6655,4357,228,3.99122807,"3,33,424",To-Fit Denotes Body Measurements in,Slip-On,Art Silk,Solid,Trousers,With Dupatta,Solid,Organza,Embroidered,NA,Round Neck,1,Festive,Yoke or Border,Solid,Three-Quarter Sleeves,Regular Sleeves,Side Slits,Ready to Wear,Regular,Regular,Art Silk,Straight,Calf Length,Solid,Straight,Kurta,Partially Elasticated,Machine Wash,Regular,Knitted and Woven,Sequinned
12246214,Ahalyaa Women Maroon & Gold Printed Kurti with Sharara & Dupatta,5504,Maroon,Ahalyaa,http://assets.myntassets.com/assets/images/12246214/2021/1/21/fb8fc504-76cd-4d6a-a16e-e20bdc7bebe41611204555225-Ahalyaa-Women-Maroon--Gold-Printed-Kurti-with-Sharara--Dupat-1.jpg,6656,4323,3724,4.215628357,"4,43,33,33,24,424",Garment Measurements in,Slip-On,Poly Georgette,Printed,Sharara,With Dupatta,Taping,Poly Georgette,Printed,NA,Round Neck,0,Festive,Small,Ethnic Motifs,Sleeveless,No Sleeves,Side Slits,Ready to Wear,Regular,Regular,Poly Georgette,Straight,Knee Length,Printed,Straight,Kurti,Partially Elasticated,Machine Wash,Regular,Machine Weave,Sequinned
9438657,AASI - HOUSE OF NAYO Women Black & Mustard Yellow Solid Kurta with Trousers & Dupatta,2999,Black,AASI - HOUSE OF NAYO,http://assets.myntassets.com/assets/images/9438657/2019/5/8/5f44fbff-658c-40f2-ae17-4ae52b7381e31557297223910-AASI---HOUSE-OF-NAYO-Women-Black--Mustard-Solid-Kurta-with-T-1.jpg,6657,6000,5652,4.109164897,"3,33,424",Garment Measurements in,Slip-On,Pure Cotton,Solid,Trousers,With Dupatta,Tassels,Pure Cotton,Printed,NA,Boat Neck,0,Daily,None,Solid,Three-Quarter Sleeves,Regular Sleeves,Side Slits,Ready to Wear,Sustainable,Regular,Pure Cotton,Straight,Calf Length,Solid,Straight,Kurta,Elasticated,Hand Wash,Regular,Machine Weave,Gotta Patti
16331336,Anubhutee Women Teal Ethnic Motifs Printed Empire Thread Work Pure Cotton Kurta with Trousers & With Dupatta,5299,Teal,Anubhutee,http://assets.myntassets.com/assets/images/16331336/2021/12/2/8fa4f922-c4fc-4c4d-8aad-8c28ece5ff2e1638428914896KurtaSets1.jpg,6658,3334,201,3.55721393,"3,33,424",Garment Measurements in,Slip-On,Pure Cotton,Printed,Trousers,With Dupatta,Printed,Voile,Printed,NA,Round Neck,0,Festive,Small,Ethnic Motifs,Three-Quarter Sleeves,Regular Sleeves,,Ready to Wear,Regular,Empire,Pure Cotton,Flared,Above Knee,Printed,Anarkali,Kurta,Elasticated,Hand Wash,Regular,Machine Weave,Thread Work
7763575,Anouk Women Red Floral Print A-Line Kurta,1699,Red,Anouk,http://assets.myntassets.com/assets/images/7763575/2021/1/27/ed5edf7d-db8e-4c05-bac6-3bd4979418a21611738222844-Anouk-Women-Red-Floral-Print-A-Line-Kurta-6991611738221560-1.jpg,6659,4444,2004,4.076846307,424,Garment Measurements in,Zip,Poly Crepe,Embroidered,Skirt,No Dupatta,No Dupatta,No Dupatta,No Dupatta,Floral,Round Neck,0,Daily,Mid,Floral,Short Sleeves,Cap Sleeves,,Ready to Wear,Sustainable,Angrakha,Poly Crepe,Flared,Calf Length,Embroidered,Straight,Kurti,No Elastic,Machine Wash,Regular,Machine Weave,Thread Work
19357994,FASHOR Women Pink Ethnic Motifs Kurta,2899,Pink,FASHOR,http://assets.myntassets.com/assets/images/19357994/2022/8/3/c9d70fb4-dfd1-41e4-9538-fd3a30c19b5c1659500359962FASHORWomenPinkEthnicMotifsThreadWorkKurta1.jpg,598,587,567,3.9876,"4,43,424",Garment Measurements in,Hook and Eye,Viscose Rayon,Self Design,Trousers,No Dupatta,No Dupatta,No Dupatta,No Dupatta,Floral,Round Neck,0,Daily,Mid,Ethnic Motifs,Three-Quarter Sleeves,Regular Sleeves,Side Slits,Ready to Wear,Regular,Panelled,Viscose Rayon,High-Low,Floor Length,Self Design,A-Line,Kurti,No Elastic,Hand Wash,Regular,Machine Weave,Thread Work
18957838,KALINI Women Fluorescent Green Embroidered Pure Cotton Salwar suit,3699,Fluorescent Green,KALINI,http://assets.myntassets.com/assets/images/18957838/2022/7/4/58ff6c28-b599-4a63-9627-d9cc7a35966c1656932528424KALINIWomenFluorescentGreenEthnicMotifsEmbroideredPleatedPur1.jpg,96,45,12,4.333333333,"3,33,424",To-Fit Denotes Body Measurements in,Zip,Pure Cotton,Printed,Churidar,With Dupatta,Printed,Pure Cotton,Printed,Pastels,Round Neck,0,Daily,Large,Ethnic Motifs,Three-Quarter Sleeves,Regular Sleeves,,Ready to Wear,Sustainable,Pleated,Pure Cotton,Flared,Calf Length,Printed,Anarkali,Kurta,Partially Elasticated,Machine Wash,Regular,Machine Weave,Thread Work
18425500,Indi INSIDE Women Pink Ethnic Motifs Block Printed Anarkali Kurta,1599,Pink,Indi INSIDE,http://assets.myntassets.com/assets/images/18425500/2022/5/26/548b3242-c4b0-4a01-a7c8-dbd25721ed101653557566916BlockPrintedPinkKurta1.jpg,234,132,94,3.872340426,"4,43,33,33,24,424",Garment Measurements in,Drawstring,Poly Crepe,Self Design,Trousers,No Dupatta,No Dupatta,No Dupatta,No Dupatta,Indigo,V-Neck,0,Festive,Mid,Ethnic Motifs,Three-Quarter Sleeves,Flared Sleeves,Front Slit,Ready to Wear,Regular,Empire,Poly Crepe,Straight,Calf Length,Self Design,Anarkali,Top,No Elastic,Dry Clean,Regular,Machine Weave,Thread Work
14925332,Anouk Women Mustard Yellow & Red Geometric Printed Kurta,1099,Mustard,Anouk,http://assets.myntassets.com/assets/images/14925332/2021/9/2/9fdeb696-bce1-4791-aa1a-3dbfe5e9a5c51630583727539HERENOWMenPinkWhiteTypographyPrintedOrganicCottonT-shirtKurt1.jpg,876,555,450,4.164444444,424,To-Fit Denotes Body Measurements in,Zip,Poly Crepe,Printed,Skirt,No Dupatta,No Dupatta,No Dupatta,No Dupatta,Pastels,V-Neck,0,Daily,Mid,Geometric,Three-Quarter Sleeves,Regular Sleeves,Side Slits,Ready to Wear,Regular,Panelled,Poly Crepe,Curved,Calf Length,Printed,A-Line,Top,No Elastic,Machine Wash,Regular,Machine Weave,Thread Work
18811288,SheWill Women Teal Floral Embroidered Sequinned Kurta with Trousers & With Dupatta,6699,Teal,SheWill,http://assets.myntassets.com/assets/images/18811288/2022/7/5/edbf3557-d768-49fd-8c80-c56427f2e81c1657018117840-SheWill-Blue-Muslin-Sequence-Zari-Embroidered-Straight-Kurta-1.jpg,878,556,768,4.222234,"3,33,424",Garment Measurements in,Drawstring,Silk Blend,Solid,Trousers,With Dupatta,Taping,Poly Chiffon,Self Design,Floral,Round Neck,0,Festive,None,Floral,Three-Quarter Sleeves,Regular Sleeves,Side Slits,Ready to Wear,Regular,Regular,Silk Blend,Straight,Calf Length,Solid,Straight,Kurta,No Elastic,Dry Clean,Regular,Machine Weave,Sequinned
15646472,Varanga Women Red Bandhani Printed Gotta Patti Kurta,2999,Red,Varanga,http://assets.myntassets.com/assets/images/15646472/2021/9/28/a5a4e093-dfd6-4a1b-8c1f-c7b46f27678d1632833511024VarangaWomenRedEthnicMotifsPrintedGottaPattiKurta1.jpg,880,557,452,3.794247788,424,To-Fit Denotes Body Measurements in,Hook and Eye,Net,Self Design,Sharara,No Dupatta,No Dupatta,No Dupatta,No Dupatta,Indigo,Round Neck,0,Daily,Mid,Bandhani,Three-Quarter Sleeves,Regular Sleeves,Side Slits,Ready to Wear,Regular,Layered,Net,High-Low,Calf Length,Self Design,Anarkali,Kurta,No Elastic,Hand Wash,Regular,Machine Weave,Gotta Patti
18503778,KALINI Women Pink Floral Embroidered Layered Gotta Patti Kurti with Sharara & With Dupatta,2999,Pink,KALINI,http://assets.myntassets.com/assets/images/18503778/2022/5/30/6bd65bc0-6a32-4c55-9480-0f6e4c0382231653924747273KALINIAssamicaWomenPinkDyedKurtaPrintedShararawithDupatta1.jpg,882,558,175,3.6,"4,43,33,33,24,424",To-Fit Denotes Body Measurements in,Zip,Viscose Rayon,Self Design,Sharara,With Dupatta,Taping,Poly Chiffon,Solid,Pastels,Keyhole Neck,0,Daily,Placement,Floral,Three-Quarter Sleeves,Regular Sleeves,Multiple Slits,Ready to Wear,Sustainable,Layered,Viscose Rayon,Curved,Above Knee,Self Design,A-Line,Kurti,Elasticated,Machine Wash,Regular,Machine Weave,Gotta Patti
15561680,DIVYANK Women Navy Blue & Grey Ethnic Motifs Printed Mirror Work Kurta with Palazzos,2999,Navy Blue,DIVYANK,http://assets.myntassets.com/assets/images/15561680/2021/9/22/ae87dd98-3d80-449b-bf62-3834797d9a561632315919781DIVYANKWomenNavyBlueEthnicMotifsPrintedRegularMirrorWorkKurt1.jpg,2884,1888,1543,4.233959819,"4,43,33,33,24,424",Garment Measurements in,Slip-On,Viscose Rayon,Embroidered,Palazzos,No Dupatta,No Dupatta,No Dupatta,No Dupatta,Pastels,Round Neck,0,Daily,Small,Ethnic Motifs,Three-Quarter Sleeves,Regular Sleeves,Side Slits,Ready to Wear,Regular,Regular,Viscose Rayon,Straight,Calf Length,Embroidered,A-Line,Kurta,Partially Elasticated,Machine Wash,Regular,Machine Weave,Mirror Work
16857670,Libas Women Lavender Floral Printed Pure Cotton Kurta Set with Dupatta,2999,Lavender,Libas,http://assets.myntassets.com/assets/images/16857670/2022/1/31/393262fb-2be4-4945-b3e8-a64336da74f01643629068794-Libas-Women-Kurta-Sets-3571643629067890-1.jpg,886,711,87,4.298850575,"3,33,424",Garment Measurements in,Slip-On,Pure Cotton,Printed,Trousers,With Dupatta,Taping,Pure Cotton,Printed,NA,Round Neck,2,Fusion,Small,Floral,Three-Quarter Sleeves,Regular Sleeves,,Ready to Wear,Regular,Regular,Pure Cotton,Flared,Calf Length,Printed,A-Line,Kurta,Partially Elasticated,Machine Wash,Regular,Knitted and Woven,Zari
13437328,Sangria Women Beige & Black Pure Cotton Printed Kurta with Salwar,2499,Beige,Sangria,http://assets.myntassets.com/assets/images/13437328/2021/2/26/1db98d09-8e2a-49b6-9521-d59d0764aa621614341754175-Sangria-Women-Kurta-Sets-9031614341752071-1.jpg,888,711,699,3.954220315,"4,43,324",To-Fit Denotes Body Measurements in,Slip-On,Pure Cotton,Checked,Salwar,No Dupatta,No Dupatta,No Dupatta,No Dupatta,Indigo,Mandarin Collar,0,Daily,Small,Geometric,Three-Quarter Sleeves,Puffed Sleeves,Side Slits,Ready to Wear,Regular,Regular,Pure Cotton,Curved,Calf Length,Checked,Straight,Kurta,Partially Elasticated,Machine Wash,Regular,Machine Weave,Thread Work
19181470,Baisacrafts Women Green Striped Pure Cotton Kurta with Trousers & With Dupatta,4499,Green,Baisacrafts,http://assets.myntassets.com/assets/images/19181470/2022/7/20/fb88fbe3-b55c-4bbb-9f51-63d48ffe93fd1658298777250KurtaSets1.jpg,890,711,445,3.8761,"3,33,424",Garment Measurements in,Slip-On,Pure Cotton,Printed,Trousers,With Dupatta,Tassels,Pure Cotton,Printed,NA,Round Neck,0,Daily,Large,Floral,Three-Quarter Sleeves,Regular Sleeves,Side Slits,Ready to Wear,Regular,Regular,Pure Cotton,Straight,Knee Length,Printed,A-Line,Kurta,Elasticated,Hand Wash,Regular,Machine Weave,Thread Work
12105006,Sangria Women Pink & Golden Printed Pure Cotton Kurta with Trousers,1899,Pink,Sangria,http://assets.myntassets.com/assets/images/12105006/2020/9/4/bce63f51-fa78-4456-a4ce-85d193628e761599199586248-Sangria-Women-Pink--Gold-Toned-Printed-Kurta-with-Trousers-8-1.jpg,892,711,372,3.927419355,"3,33,424",To-Fit Denotes Body Measurements in,Slip-On,Pure Cotton,Solid,Trousers,No Dupatta,No Dupatta,No Dupatta,No Dupatta,Floral,Round Neck,0,Daily,Large,Ethnic Motifs,Three-Quarter Sleeves,Regular Sleeves,Side Slits,Ready to Wear,Regular,Regular,Pure Cotton,Curved,Knee Length,Solid,Straight,Kurta,Partially Elasticated,Hand Wash,Regular,Machine Weave,Beads and Stones
17487194,Libas Women Beige & Mustard Yellow Zari Woven Design Straight Kurta Trousers Dupatta,4499,Beige,Libas,http://assets.myntassets.com/assets/images/17487194/2022/3/21/2dd80782-75be-496b-8bac-2978541418161647846846121-Libas-Women-Kurta-Sets-7321647846845273-1.jpg,894,711,232,4.603448276,"3,33,424",Garment Measurements in,Slip-On,Silk Blend,Solid,Trousers,With Dupatta,Tassels,Poly Chiffon,Embroidered,Floral,V-Neck,2,Festive,Small,Ethnic Motifs,Three-Quarter Sleeves,Regular Sleeves,Side Slits,Ready to Wear,Regular,Regular,Silk Blend,Straight,Calf Length,Solid,Straight,Kurta,Elasticated,Machine Wash,Regular,Machine Weave,Zari
11636314,Shae by SASSAFRAS Women Blue & Off-White Printed Anarkali Kurta,1699,Blue,Shae by SASSAFRAS,http://assets.myntassets.com/assets/images/11636314/2022/4/18/c4ffb5ae-4483-4e2c-ba02-c38e2adb11361650283630240ShaebySASSAFRASWomenBlueOff-WhitePrintedAnarkaliKurta1.jpg,6734,5668,5046,4.236821245,"4,43,33,33,24,424",Garment Measurements in,Drawstring,Viscose Rayon,checked,Sharara,No Dupatta,No Dupatta,No Dupatta,No Dupatta,Pastels,Keyhole Neck,0,Daily,None,Ethnic Motifs,Three-Quarter Sleeves,Puff Sleeves,,Ready to Wear,Sustainable,Empire,Viscose Rayon,Curved,Knee Length,checked,Anarkali,Kurti,No Elastic,Machine Wash,Regular,Machine Weave,Gotta Patti
16706794,Varanga Floral Net I-Spy Lace Kurta Set,4999,Magenta,Varanga,http://assets.myntassets.com/assets/images/16706794/2022/2/16/59d4aa7a-f05c-4eda-b796-a45078f798371645012473502-Varanga-Magenta-Net-Strap-Straight-Kurta-With-Flared-Sharara-1.jpg,156,145,54,3.574074074,"4,43,33,33,24,424",Garment Measurements in,Slip-On,Net,Self Design,Palazzos,No Dupatta,No Dupatta,No Dupatta,No Dupatta,Pastels,Sweetheart Neck,0,Festive,Large,Floral,Sleeveless,No Sleeves,Side Slits,Ready to Wear,Regular,High Slit,Net,Straight,Calf Length,Self Design,Straight,Kurta,Partially Elasticated,Hand Wash,Regular,Machine Weave,Beads and Stones
17140538,Myshka Women Pink Floral Printed Pure Cotton Kurta with Sharara & Dupatta,6499,Pink,Myshka,http://assets.myntassets.com/assets/images/17140538/2022/2/12/26bea60e-1753-4bf1-8a9e-96f060de329d1644644643001MyshkaWomenPinkEthnicMotifsEmbroideredLayeredPureCottonKurti1.jpg,159,145,78,3.935897436,"4,43,33,33,24,424",Garment Measurements in,Hook and Eye,Pure Cotton,Printed,Sharara,With Dupatta,Printed,Pure Cotton,Printed,Indigo,Round Neck,0,Festive,Large,Floral,Sleeveless,No Sleeves,,Ready to Wear,Regular,Empire,Pure Cotton,Flared,Knee Length,Printed,Anarkali,Kurta,Elasticated,Machine Wash,Regular,Knitted,Zari
14224616,Anouk Women Pink & Gold-Toned Ethnic Motifs Printed Gotta Patti Kurta,3099,Pink,Anouk,http://assets.myntassets.com/assets/images/14224616/2021/8/19/64e6b083-6b6f-4c71-bf89-4a4483d401e01629350582004-Anouk-Women-Kurtas-6181629350581610-6.jpg,162,145,72,3.597222222,424,To-Fit Denotes Body Measurements in,Zip,Net,Embroidered,Churidar,No Dupatta,No Dupatta,No Dupatta,No Dupatta,Pastels,V-Neck,0,Festive,None,Ethnic Motifs,Three-Quarter Sleeves,Regular Sleeves,,Ready to Wear,Regular,Layered,Net,High-Low,Knee Length,Embroidered,Straight,Kurti,No Elastic,Machine Wash,Regular,Knitted,Gotta Patti
19145056,Baisacrafts Women Red Embroidered Pleated Pure Cotton Kurta with Churidar & Dupatta,4450,Red,Baisacrafts,http://assets.myntassets.com/assets/images/19145056/2022/7/18/3e8fbc23-d331-453a-9716-01945b5eab0d1658132992086BaisacraftsWomenRedEmbroideredPleatedPureCottonKurtawithChur1.jpg,165,145,74,3.8976,"3,33,424",Garment Measurements in,Slip-On,Pure Cotton,Printed,Churidar,With Dupatta,Solid,Poly Chiffon,Embroidered,Floral,Mandarin Collar,0,Festive,None,Solid,Sleeveless,Regular Sleeves,Multiple Slits,Ready to Wear,Regular,Pleated,Pure Cotton,High-Low,Floor Length,Printed,A-Line,Kurta,Elasticated,Hand Wash,Regular,Machine Weave,Zari
15508918,Indo Era Women Yellow Floral Yoke Design Regular Kurta with Trousers & With Dupatta,6199,Yellow,Indo Era,http://assets.myntassets.com/assets/images/15508918/2021/10/6/b1732025-43d1-4413-9843-090cd40a6f591633518810684-Indo-Era-Women-Yellow-Floral-Yoke-Design-Regular-Kurta-with--1.jpg,1015,888,714,4.144257703,"3,33,424",Garment Measurements in,Slip-On,Viscose Rayon,Embroidered,Trousers,With Dupatta,Solid,Organza,Printed,Floral,Round Neck,0,Festive,Yoke or Border,Floral,Three-Quarter Sleeves,Regular Sleeves,Side Slits,Ready to Wear,Regular,Regular,Viscose Rayon,Straight,Calf Length,Embroidered,Straight,Kurta,Partially Elasticated,Dry Clean,Regular,Machine Weave,Zari
17197472,heemara Women Purple Floral Embroidered Silk Chiffon Kurta with Trousers & With Dupatta,6599,Purple,heemara,http://assets.myntassets.com/assets/images/17197472/2022/2/18/5934fceb-05cf-40c2-87e8-3fe9fd474c1e1645166780554heemaraWomenPurpleFloralEmbroideredThreadWorkSilkChiffonKurt1.jpg,1017,888,638,4.012539185,"3,33,424",Garment Measurements in,Slip-On,Silk Chiffon,Solid,Trousers,With Dupatta,Taping,Silk Chiffon,Solid,Pastels,Round Neck,1,Festive,Small,Floral,Three-Quarter Sleeves,Regular Sleeves,Side Slits,Ready to Wear,Regular,Regular,Silk Chiffon,Straight,Calf Length,Solid,Straight,Kurta,Partially Elasticated,Machine Wash,Regular,Machine Weave,Sequinned
13238316,Anouk Purple & White Striped Straight Kurta,1499,Purple,Anouk,http://assets.myntassets.com/assets/images/13238316/2021/2/22/71fe0645-db94-4b06-a96c-292eb7da7d5c1613990092576-Anouk-Purple-Striped-Kurta-2011613990090496-1.jpg,1122,888,511,4.043052838,424,To-Fit Denotes Body Measurements in,Drawstring,Viscose Rayon,Self Design,Sharara,No Dupatta,No Dupatta,No Dupatta,No Dupatta,Indigo,Round Neck,0,Daily,None,Striped,Short Sleeves,Regular Sleeves,Side Slits,Ready to Wear,Regular,Panelled,Viscose Rayon,Straight,Knee Length,Self Design,Anarkali,Top,No Elastic,Machine Wash,Regular,Machine Weave,Gotta Patti
3077373,HERE&NOW Women White Solid Straight Kurta,1599,White,HERE&NOW,http://assets.myntassets.com/assets/images/3077373/2022/4/18/f0048a52-17b7-4a0b-8925-5cfad761ca201650284995022HERENOWWomenWhiteSolidStraightKurta1.jpg,3099,2228,2217,4.102841678,424,Garment Measurements in,Drawstring,Art Silk,Embroidered,Churidar,No Dupatta,No Dupatta,No Dupatta,No Dupatta,Floral,Mandarin Collar,0,Daily,Mid,Solid,Three-Quarter Sleeves,Regular Sleeves,Multiple Slits,Ready to Wear,Sustainable,Pleated,Art Silk,High-Low,Calf Length,Embroidered,A-Line,Top,No Elastic,Machine Wash,Regular,Machine Weave,Thread Work
18859760,Ahalyaa Women Black Floral Pleated Pure Cotton Kurti with Trousers,5500,Black,Ahalyaa,http://assets.myntassets.com/assets/images/18859760/2022/6/24/716a819b-f77b-482e-a13f-4f64458029051656076922438KurtaSets1.jpg,65,71,11,3.181818182,"3,33,424",Garment Measurements in,Hook and Eye,Pure Cotton,Printed,Trousers,No Dupatta,Taping,No Dupatta,Printed,Pastels,Shirt Collar,1,Festive,Yoke or Border,Floral,Three-Quarter Sleeves,Roll-Up Sleeves,Side Slits,Ready to Wear,Regular,Pleated,Pure Cotton,Curved,Calf Length,Printed,Pathani,Kurti,Partially Elasticated,Hand Wash,Regular,Machine Weave,Thread Work
16919764,Rustorange Women Mustard Yellow Floral Printed Angrakha Kurti with Sharara,3649,Mustard,Rustorange,http://assets.myntassets.com/assets/images/16919764/2022/8/4/339f3e1e-8e1b-492f-b5b3-78349fa4bcf01659630518697RustorangeWomenMustardYellowFloralPrintedAngrakhaKurtiwithSh1.jpg,109,72,67,4.208955224,"4,43,33,33,24,424",Garment Measurements in,Zip,Viscose Rayon,Solid,Sharara,No Dupatta,Taping,No Dupatta,Printed,Floral,V-Neck,1,Fusion,Large,Floral,Short Sleeves,Flared Sleeves,Front Slit,Ready to Wear,Regular,Angrakha,Viscose Rayon,Flared,Above Knee,Solid,A-Line,Kurti,Elasticated,Machine Wash,Regular,Knitted and Woven,Zari
16941854,Varanga Women Lavender Ethnic Motifs Printed Panelled Gotta Patti Pure Cotton Kurti with Sharara & With,6599,Lavender,Varanga,http://assets.myntassets.com/assets/images/16941854/2022/1/27/b0665d71-1b34-4089-8e95-4cebf640a6631643256625686VarangaWomenLavenderEmbroideredPanelledGottaPattiPureCottonK1.jpg,111,73,76,3.986842105,"4,43,33,33,24,424",Garment Measurements in,Hook and Eye,Pure Cotton,Printed,Sharara,With Dupatta,Solid,Poly Chiffon,Solid,Pastels,Round Neck,0,Fusion,Large,Ethnic Motifs,Sleeveless,No Sleeves,Multiple Slits,Ready to Wear,Regular,Panelled,Pure Cotton,Flared,Above Knee,Printed,Anarkali,Kurti,Elasticated,Hand Wash,Regular,Machine Weave,Gotta Patti
15889764,HERE&NOW Women Green & White Ethnic Motifs Printed Kurta,899,Green,HERE&NOW,http://assets.myntassets.com/assets/images/15889764/2022/2/14/4da81903-deda-42c5-9e3e-1607fa11524f1644842837193-HERENOW-Women-Green--White-Pure-Cotton-Ethnic-Motifs-Printed-1.jpg,345,278,226,4.10619469,424,Garment Measurements in,Hook and Eye,Silk Blend,Solid,Churidar,No Dupatta,No Dupatta,No Dupatta,No Dupatta,Indigo,Round Neck,0,Daily,Mid,Ethnic Motifs,Three-Quarter Sleeves,Regular Sleeves,Side Slits,Ready to Wear,Regular,Empire,Silk Blend,High-Low,Knee Length,Solid,Anarkali,Top,No Elastic,Machine Wash,Regular,Machine Weave,Zari
8529019,Varanga Mustard Marigold Cotton Straight Kurta,2199,Yellow,Varanga,http://assets.myntassets.com/assets/images/8529019/2019/1/23/5d6a8e02-0fa0-4770-82f5-6b52d9c983561548242338312-Varanga-mustard-printed-straight-kurta-6361548242336928-1.jpg,15997,14789,13947,3.839607084,424,To-Fit Denotes Body Measurements in,Drawstring,Silk Blend,checked,Churidar,No Dupatta,No Dupatta,No Dupatta,No Dupatta,Floral,Round Neck,0,Daily,None,Floral,Three-Quarter Sleeves,Regular Sleeves,Side Slits,Ready to Wear,Regular,Empire,Silk Blend,Curved,Knee Length,checked,Anarkali,Top,No Elastic,Hand Wash,Regular,Machine Weave,Thread Work
17132180,Vishudh Women Black & Teal Blue Checked Pure Cotton Kurta with Palazzo & Dupatta,2399,Black,Vishudh,http://assets.myntassets.com/assets/images/17132180/2022/2/12/bc780386-c2d5-475a-ba45-14d965957c5c1644641530795VishudhWomenBlackPleatedPureCottonKurtiwithTrousersWithDupat1.jpg,197,98,77,4.064935065,"3,33,424",Garment Measurements in,Zip,Pure Cotton,Printed,Trousers,With Dupatta,Solid,Pure Cotton,Solid,Floral,Keyhole Neck,0,Daily,None,Checked,Three-Quarter Sleeves,Regular Sleeves,Side Slits,Ready to Wear,Regular,Regular,Pure Cotton,Straight,Calf Length,Printed,Straight,Kurti,Elasticated,Machine Wash,Regular,Machine Weave,Thread Work
14967448,Indo Era Women Green Ethnic Motifs Printed Panelled Gotta Patti Pure Cotton Kurta with Trousers & With,4399,Green,Indo Era,http://assets.myntassets.com/assets/images/14967448/2021/9/24/797117a8-153b-4dc0-a33e-5d2e82ef80701632484239222-Indo-Era-Women-Green-Ethnic-Motifs-Printed-Panelled-Gotta-Pa-1.jpg,443,345,215,4.227906977,"3,33,424",Garment Measurements in,Slip-On,Pure Cotton,Solid,Trousers,With Dupatta,Taping,Pure Cotton,Printed,Floral,Round Neck,0,Daily,Large,Ethnic Motifs,Three-Quarter Sleeves,Regular Sleeves,Side Slits,Ready to Wear,Regular,Panelled,Pure Cotton,Flared,Calf Length,Solid,A-Line,Kurta,Partially Elasticated,Machine Wash,Regular,Machine Weave,Gotta Patti
14224394,Nayo Women Mustard Printed Straight Kurta With Plazzo  & Dupatta,3499,Mustard,Nayo,http://assets.myntassets.com/assets/images/14224394/2022/6/26/f02f2ce3-11db-47df-a6a8-4bc9041ce3c21656219851811NayoWomenMustardPrintedStraightKurtaWithPlazzoDupatta1.jpg,4567,3324,514,4.250972763,"4,43,33,33,24,424",Garment Measurements in,Slip-On,Pure Cotton,Printed,Palazzos,With Dupatta,Taping,Cotton Blend,Printed,Floral,V-Neck,2,Daily,Small,Ethnic Motifs,Short Sleeves,Flared Sleeves,Side Slits,Ready to Wear,Regular,Panelled,Pure Cotton,Straight,Above Knee,Printed,A-Line,Kurti,Elasticated,Hand Wash,Regular,Machine Weave,Thread Work
7156696,Vishudh Women White & Navy Blue Printed Anarkali Kurta,2149,White,Vishudh,http://assets.myntassets.com/assets/images/7156696/2018/8/16/6aba666c-f72f-4ba5-a619-c30997225dce1534400511956-na-8931534400511655-1.jpg,6667,5555,3444,4.259872242,"4,43,33,33,24,424",To-Fit Denotes Body Measurements in,Zip,Silk Blend,Printed,Churidar,No Dupatta,No Dupatta,No Dupatta,No Dupatta,Floral,Scoop Neck,0,Daily,Mid,Ethnic Motifs,Three-Quarter Sleeves,Regular Sleeves,,Ready to Wear,Sustainable,Pleated,Silk Blend,High-Low,Calf Length,Printed,Straight,Kurta,No Elastic,Machine Wash,Regular,Machine Weave,Thread Work
17193226,KALINI Women Teal Blue & Golden Printed Kurti with Sharara,2499,Teal,KALINI,http://assets.myntassets.com/assets/images/17193226/2022/2/17/7738c355-5ff9-4962-b833-23298e5a34e11645094189571KALINIWomenTurquoiseBlueGottaPattiKurtiwithShararaWithDupatt1.jpg,789,675,589,4.40237691,"4,43,33,33,24,424",To-Fit Denotes Body Measurements in,Slip-On,Viscose Rayon,Printed,Sharara,No Dupatta,No Dupatta,No Dupatta,No Dupatta,Floral,Round Neck,0,Festive,None,Abstract,Sleeveless,No Sleeves,Front Slit,Ready to Wear,Regular,Regular,Viscose Rayon,Flared,Knee Length,Printed,Anarkali,Kurti,Elasticated,Hand Wash,Regular,Machine Weave,Thread Work
14949672,Stylum Women Pink Ethnic Motifs Printed Pure Cotton Kurta with Trousers & Dupatta,3200,Pink,Stylum,http://assets.myntassets.com/assets/images/14949672/2021/7/27/b1fbf2ec-09d2-46bb-89f8-91849ebac9a61627375681803StylumWomenPinkEthnicMotifsPrintedPureCottonKurtawithPalazzo1.jpg,790,567,398,3.781407035,"3,33,424",To-Fit Denotes Body Measurements in,Slip-On,Pure Cotton,Printed,Trousers,With Dupatta,Printed,Pure Cotton,Printed,Floral,Boat Neck,0,Daily,Large,Ethnic Motifs,Three-Quarter Sleeves,Regular Sleeves,Side Slits,Ready to Wear,Regular,Regular,Pure Cotton,Straight,Calf Length,Printed,Straight,Kurta,Elasticated,Machine Wash,Regular,Machine Weave,Thread Work
9370965,Sangria Women Pink Printed Straight Kurta,1299,Pink,Sangria,http://assets.myntassets.com/assets/images/9370965/2019/5/14/9982bdc8-079f-4c91-b1a2-1b055a5179ad1557838905565-Sangria-Women-Kurtas-7181557838904365-1.jpg,3011,2345,1182,4.060913706,424,To-Fit Denotes Body Measurements in,Hook and Eye,Art Silk,Self Design,Sharara,No Dupatta,No Dupatta,No Dupatta,No Dupatta,Pastels,Keyhole Neck,0,Daily,Mid,Floral,Three-Quarter Sleeves,Regular Sleeves,Side Slits,Ready to Wear,Sustainable,Panelled,Art Silk,High-Low,Knee Length,Self Design,Anarkali,Kurti,No Elastic,Machine Wash,Regular,Machine Weave,Gotta Patti
11434632,Inddus Women Red Embroidered Kurta with Trousers & Dupatta,5899,Red,Inddus,http://assets.myntassets.com/assets/images/11434632/2020/3/3/8b311761-20c2-44b1-94a9-0d1bc522fd9a1583235378025-Inddus-Women-Red-Embroidered-Kurta-with-Trousers--Dupatta-30-1.jpg,3014,2456,1327,4.1213263,"3,33,424",To-Fit Denotes Body Measurements in,Slip-On,Cotton Blend,Solid,Trousers,With Dupatta,Taping,Organza,Solid,Pastels,Round Neck,0,Festive,Yoke or Border,Ethnic Motifs,Three-Quarter Sleeves,Regular Sleeves,Side Slits,Ready to Wear,Regular,Regular,Cotton Blend,Straight,Calf Length,Solid,Straight,Kurta,Partially Elasticated,Dry Clean,Regular,Machine Weave,Sequinned
13962368,Indo Era Women Off White & Pink Printed Sequinned Cotton Kurta with Palazzos & Dupatta,6999,Off White,Indo Era,http://assets.myntassets.com/assets/images/13962368/2021/7/6/7aac3b5c-bf62-48a1-9398-67a0e15576c41625560897635-Indo-Era-Off-White-Floral-Printed-Straight-Kurta-Palazzo-Wit-1.jpg,765,456,110,4.2,"4,43,33,33,24,424",Garment Measurements in,Slip-On,Cotton Blend,Solid,Palazzos,With Dupatta,Tassels,Organza,Self Design,Pastels,Round Neck,2,Daily,Small,Ethnic Motifs,Three-Quarter Sleeves,Regular Sleeves,Side Slits,Ready to Wear,Regular,Regular,Cotton Blend,Straight,Calf Length,Solid,Straight,Kurta,Partially Elasticated,Dry Clean,Regular,Machine Weave,Sequinned
13932904,anayna Women Blue & White Geometric Screen Print Cotton Fusion Kurta,1660,Blue,anayna,http://assets.myntassets.com/assets/images/13932904/2021/4/14/e0c3f8f6-6f8f-4c68-b59f-5f39085542e01618405482652AnaynaWomensStraightKurta1.jpg,1041,1004,985,4.571573604,424,To-Fit Denotes Body Measurements in,Drawstring,Viscose Rayon,Self Design,Churidar,No Dupatta,No Dupatta,No Dupatta,No Dupatta,Pastels,Square Neck,0,Fusion,None,Geometric,Sleeveless,No Sleeves,Side Slits,Ready to Wear,Regular,Pleated,Viscose Rayon,Curved,Knee Length,Self Design,A-Line,Top,No Elastic,Machine Wash,Regular,Machine Weave,Zari
18198270,Biba Women Mustard Yellow & Pink Floral Printed Pure Cotton Straight Kurta,1999,Mustard,Biba,http://assets.myntassets.com/assets/images/18198270/2022/7/12/575c27b1-24d8-4363-b5a3-845a29d58c701657628613129-Biba-Women-Kurtas-9431657628612606-1.jpg,48,36,5,4.6,424,To-Fit Denotes Body Measurements in,Zip,Silk Blend,Embroidered,Sharara,No Dupatta,No Dupatta,No Dupatta,No Dupatta,Floral,Round Neck,0,Daily,None,Floral,Sleeveless,No Sleeves,Side Slits,Ready to Wear,Regular,Panelled,Silk Blend,High-Low,Knee Length,Embroidered,Straight,Top,No Elastic,Hand Wash,Regular,Machine Weave,Thread Work
17104862,Anouk Women Charcoal Grey Pure Cotton Printed Pleated Top with Palazzos,1899,Charcoal,Anouk,http://assets.myntassets.com/assets/images/17104862/2022/5/30/aba2d12a-9488-49f7-846c-cd14ae01c1aa1653895702692-Anouk-Women-Kurta-Sets-7141653895701947-1.jpg,35,28,7,4.571428571,"4,43,33,33,24,424",To-Fit Denotes Body Measurements in,Slip-On,Pure Cotton,Solid,Palazzos,No Dupatta,No Dupatta,No Dupatta,No Dupatta,Indigo,Round Neck,0,Fusion,Small,Floral,Sleeveless,No Sleeves,,Ready to Wear,Regular,Pleated,Pure Cotton,Flared,Above Knee,Solid,A-Line,Top,Partially Elasticated,Machine Wash,Regular,Machine Weave,Thread Work
19240240,Charu Women Maroon Flared Sleeves Thread Work Kurta,3099,Maroon,Charu,http://assets.myntassets.com/assets/images/19240240/2022/7/25/3c108049-c90e-464b-87c8-10c6b0ea95ad1658728557057CharuWomenMaroonFlaredSleevesThreadWorkKurta1.jpg,94,82,76,4.56987,424,Garment Measurements in,Hook and Eye,Art Silk,Self Design,Sharara,No Dupatta,No Dupatta,No Dupatta,No Dupatta,Indigo,Round Neck,0,Daily,None,Floral,Three-Quarter Sleeves,Flared Sleeves,Front Slit,Ready to Wear,Regular,Regular,Art Silk,Curved,Knee Length,Self Design,Anarkali,Kurti,No Elastic,Hand Wash,Regular,Knitted,Thread Work
15150344,Yufta Women Lavender & White Ethnic Motifs Printed Kurta with Trousers & Dupatta,3499,Lavender,Yufta,http://assets.myntassets.com/assets/images/15150344/2021/8/27/dd03fc19-04db-4b1d-a548-2bbb7dcf560f1630048191438JuniperMintRayonCrepeSelfDesignStraightTopKurtaSetsYuftaWome7.jpg,987,475,366,4.234972678,"3,33,424",Garment Measurements in,Slip-On,Pure Cotton,Printed,Trousers,With Dupatta,Printed,Voile,Printed,Indigo,Round Neck,0,Daily,Large,Ethnic Motifs,Three-Quarter Sleeves,Regular Sleeves,Side Slits,Ready to Wear,Regular,Regular,Pure Cotton,Straight,Calf Length,Printed,Straight,Kurta,Elasticated,Hand Wash,Regular,Machine Weave,Zari
18165350,Indo Era Women Pink Ethnic Motifs Embroidered Kurta with Trousers & Dupatta,5999,Pink,Indo Era,http://assets.myntassets.com/assets/images/18165350/2022/6/1/75b8bd49-918a-4e97-a46b-b65384f064761654078529049-Indo-Era-Pink-Floral-Embroidered-Straight-Kurta-Trouser-With-1.jpg,503,453,37,4.216216216,"3,33,424",Garment Measurements in,Slip-On,Cotton Blend,Solid,Trousers,With Dupatta,Taping,Organza,Embroidered,Indigo,Round Neck,1,Festive,Large,Ethnic Motifs,Three-Quarter Sleeves,Regular Sleeves,Side Slits,Ready to Wear,Regular,Regular,Cotton Blend,Straight,Calf Length,Solid,Straight,Kurta,Partially Elasticated,Machine Wash,Regular,Machine Weave,Gotta Patti
12307502,Prakhya Women Pink Self Design Kurta with Trousers & Dupatta,3298,Pink,Prakhya,http://assets.myntassets.com/assets/images/productimage/2020/8/20/ef06dc09-c1f6-43a5-8c54-a0e85a47c10b1597876200592-1.jpg,7865,6013,5199,4.057703405,"3,33,424",Garment Measurements in,Zip,Viscose Rayon,Solid,Trousers,With Dupatta,Tassels,Silk Chiffon,Printed,Indigo,Round Neck,0,Daily,Yoke or Border,Solid,Three-Quarter Sleeves,Regular Sleeves,Side Slits,Ready to Wear,Sustainable,Regular,Viscose Rayon,Straight,Calf Length,Solid,Straight,Kurta,Elasticated,Hand Wash,Regular,Knitted,Zari
19261926,Baisacrafts Women's Blue Floral Dyed Pure Cotton Kurti With Trousers & Dupatta,3199,Blue,Baisacrafts,http://assets.myntassets.com/assets/images/19261926/2022/7/26/0a16e357-7d8a-4bf3-9606-b8228896f9a01658839382866KurtaSets1.jpg,345,245,87,3.9876,"3,33,424",Garment Measurements in,Drawstring,Pure Cotton,Printed,Trousers,With Dupatta,Printed,Poly Chiffon,Printed,Indigo,V-Neck,1,Daily,Large,Floral,Three-Quarter Sleeves,Regular Sleeves,Side Slits,Ready to Wear,Regular,Regular,Pure Cotton,High-Low,Calf Length,Printed,A-Line,Kurti,Elasticated,Hand Wash,Regular,Machine Weave,Beads and Stones
15390174,Indo Era Women Blue Floral Printed Regular Pure Cotton Kurta with Palazzos & With Dupatta,3499,Blue,Indo Era,http://assets.myntassets.com/assets/images/15390174/2021/9/27/5ed13e8f-0618-4813-ac99-f70ecab4ea441632739003147IndoEraBlueKhariPrintedStraightKurtaPalazzoWithDupattaSets1.jpg,347,246,72,3.708333333,"4,43,33,33,24,424",Garment Measurements in,Slip-On,Pure Cotton,Solid,Palazzos,With Dupatta,Taping,Pure Cotton,Printed,Indigo,Round Neck,0,Festive,Large,Floral,Three-Quarter Sleeves,Regular Sleeves,Side Slits,Ready to Wear,Regular,Regular,Pure Cotton,Straight,Calf Length,Solid,Straight,Kurta,Partially Elasticated,Dry Clean,Regular,Machine Weave,Zari
17447636,Khushal K Women Green Ethnic Motifs Printed Gotta Patti Kurta with Trousers & Dupatta,5699,Green,Khushal K,http://assets.myntassets.com/assets/images/17447636/2022/3/9/de7c003c-2f74-4c6f-b7d0-c7c1566ad7981646801368575KhushalKWomenGreenEthnicMotifsPrintedPanelledGottaPattiKurta7.jpg,349,247,91,3.956043956,"3,33,424",Garment Measurements in,Slip-On,Viscose Rayon,Printed,Trousers,With Dupatta,Taping,Viscose Rayon,Printed,Indigo,Round Neck,0,Festive,Large,Ethnic Motifs,Three-Quarter Sleeves,Flared Sleeves,,Ready to Wear,Regular,Regular,Viscose Rayon,Flared,Floor Length,Printed,Anarkali,Kurta,Elasticated,Machine Wash,Regular,Machine Weave,Gotta Patti
17487138,Libas Women Green & Gold-Toned Geometric Print Gotta Patti Kurta with Skirt & Dupatta,3999,Green,Libas,http://assets.myntassets.com/assets/images/17487138/2022/5/13/400c86e5-2205-459f-af9c-1e61da3a84861652423040056-Libas-Women-Green--Gold-Toned-Geometric-Print-Gotta-Patti-Ku-1.jpg,351,248,40,4.35,"4,43,33,33,24,424",Garment Measurements in,Slip-On,Viscose Rayon,Printed,Skirt,With Dupatta,Taping,Poly Chiffon,Solid,Floral,Round Neck,0,Daily,Placement,Geometric,Three-Quarter Sleeves,Regular Sleeves,Side Slits,Ready to Wear,Regular,Regular,Viscose Rayon,Straight,Knee Length,Printed,Straight,Kurta,Partially Elasticated,Machine Wash,Regular,Machine Weave,Gotta Patti
16707970,mokshi Ethnic Motifs Viscose Rayon Kurta Set,3899,Green,mokshi,http://assets.myntassets.com/assets/images/16707970/2022/1/24/dd9d566a-e774-4621-b4e6-7a2ade3572dc1643024012122-mokshi-Women-Kurta-Sets-2901643024011607-1.jpg,353,247,224,3.964285714,"4,43,33,33,24,424",Garment Measurements in,Hook and Eye,Viscose Rayon,Printed,Skirt,No Dupatta,No Dupatta,No Dupatta,No Dupatta,Pastels,Square Neck,0,Festive,Large,Ethnic Motifs,Three-Quarter Sleeves,Bell Sleeves,,Ready to Wear,Regular,Regular,Viscose Rayon,Flared,Above Knee,Printed,Anarkali,Kurta,Elasticated,Dry Clean,Regular,Machine Weave,Thread Work
14121926,Anouk Women Purple Thread Work Kurta with Trousers & With Dupatta,4299,Purple,Anouk,http://assets.myntassets.com/assets/images/14121926/2021/9/16/ea2825f1-ab9c-4376-9075-d1fc29cbb55f1631771913472-Anouk-Women-Kurta-Sets-6211631771912593-11.jpg,355,259,144,4.1875,"3,33,424",To-Fit Denotes Body Measurements in,Slip-On,Polyester,Solid,Trousers,With Dupatta,Fringed,Poly Chiffon,Embroidered,Pastels,Round Neck,0,Festive,Placement,Woven Design,Three-Quarter Sleeves,Regular Sleeves,Side Slits,Ready to Wear,Regular,Regular,Viscose Rayon,Straight,Knee Length,Solid,Straight,Kurta,Partially Elasticated,Hand Wash,Regular,Machine Weave,Thread Work
17952212,Biba Women Mustard Yellow & Golden Ethnic Motifs Printed Kurta with Palazzos & Dupatta,3999,Mustard,Biba,http://assets.myntassets.com/assets/images/17952212/2022/5/24/e3b256cb-96c6-4a5b-9a3a-ad67a1cceb161653367344592-Biba-Women-Kurta-Sets-6921653367343867-1.jpg,355,123,52,4.326923077,"4,43,33,33,24,424",To-Fit Denotes Body Measurements in,Drawstring,Pure Cotton,Solid,Palazzos,With Dupatta,Tassels,Poly Chiffon,Solid,Pastels,Tie-Up Neck,0,Festive,Small,Ethnic Motifs,Three-Quarter Sleeves,Regular Sleeves,Side Slits,Ready to Wear,Regular,Regular,Poly Chanderi,Straight,Calf Length,Solid,Straight,Kurta,Partially Elasticated,Dry Clean,Regular,Machine Weave,Zari
13572242,Anubhutee Women Green & Blue Printed Kurta with Trousers,2989,Green,Anubhutee,http://assets.myntassets.com/assets/images/13572242/2021/2/24/c5300d99-77f9-4daa-a27c-85ebe46854881614167698599AnubhuteeWomenGreenBluePrintedKurtawithTrousers1.jpg,4587,3009,2712,4.070058997,"3,33,424",Garment Measurements in,Drawstring,Viscose Rayon,Solid,Trousers,No Dupatta,No Dupatta,No Dupatta,No Dupatta,Pastels,Round Neck,0,Daily,Small,Floral,Three-Quarter Sleeves,Regular Sleeves,Side Slits,Ready to Wear,Regular,Regular,Pure Cotton,Straight,Calf Length,Solid,Straight,Kurta,Partially Elasticated,Hand Wash,Regular,Machine Weave,Beads and Stones
15921898,Divena Women Pink Floral Embroidered Regular Gotta Patti Pure Cotton Kurta with Sharara & With Dupatta,7999,Pink,Divena,http://assets.myntassets.com/assets/images/15921898/2021/11/25/e37b678e-01b1-43a6-93d7-55ed2d34aea81637824706825KurtaSetsDivenaWomenKurtaSetsDivenaWomenKurtaSetsDivenaWomen1.jpg,234,123,71,4.535211268,"4,43,33,33,24,424",Garment Measurements in,Slip-On,Pure Cotton,Printed,Sharara,With Dupatta,Tassels,Pure Cotton,Printed,Pastels,Round Neck,0,Festive,Large,Floral,Sleeveless,Shoulder Straps,,Ready to Wear,Regular,Regular,Pure Cotton,Flared,Calf Length,Printed,Anarkali,Kurta,Elasticated,Hand Wash,Regular,Machine Weave,Gotta Patti
19222130,heemara Women Maroon Ethnic Motifs Printed Kurta with Trousers & With Dupatta,7499,Maroon,heemara,http://assets.myntassets.com/assets/images/19222130/2022/7/22/2d853c41-1f14-411d-a5e1-39b7b899dece1658485405643KurtaSets1.jpg,41,32,21,4.54321,"3,33,424",Garment Measurements in,Zip,Art Silk,Solid,Trousers,With Dupatta,Taping,Organza,Printed,Pastels,Boat Neck,1,Daily,Placement,Ethnic Motifs,Three-Quarter Sleeves,Regular Sleeves,Side Slits,Ready to Wear,Regular,Regular,Art Silk,Straight,Calf Length,Solid,Straight,Kurta,Elasticated,Hand Wash,Regular,Machine Weave,Zari
19048738,anokherang Women Copper-Toned Pure Silk Kurta with Trousers & With Dupatta,4999,Copper,anokherang,http://assets.myntassets.com/assets/images/19048738/2022/7/11/35e529f9-b351-4c35-a49c-2ece2a7b9ec51657529078380KurtaSets1.jpg,31,24,21,4.3214,"3,33,424",Garment Measurements in,Zip,Pure Silk,checked,Trousers,With Dupatta,Taping,Organza,Solid,Pastels,Round Neck,0,Festive,None,Woven Design,Three-Quarter Sleeves,Regular Sleeves,,Ready to Wear,Regular,Regular,Pure Silk,Straight,Calf Length,checked,A-Line,Kurta,Partially Elasticated,Dry Clean,Regular,Machine Weave,Thread Work
17320642,Nayo Women Navy Blue & Pink Floral Printed Pure Cotton Kurta with Trousers & With Dupatta,3749,Navy Blue,Nayo,http://assets.myntassets.com/assets/images/17320642/2022/2/28/9df28461-0fb1-4f06-b0aa-7c8b1d9fc4f01646033586343NayoWomenNavyBlueFloralEmbroideredPanelledPureCottonKurtiwit1.jpg,89,55,50,3.68,"3,33,424",Garment Measurements in,Slip-On,Pure Cotton,Printed,Trousers,With Dupatta,Taping,Cotton Blend,Printed,Pastels,Boat Neck,1,Daily,Large,Floral,Three-Quarter Sleeves,Regular Sleeves,,Ready to Wear,Regular,Regular,Pure Cotton,Flared,Calf Length,Printed,Anarkali,Kurta,Elasticated,Hand Wash,Regular,Machine Weave,Zari
10317841,Jaipur Kurti Women Mustard Yellow & Grey Yoke Design Kurta with Palazzos & Dupatta,4449,Mustard,Jaipur Kurti,http://assets.myntassets.com/assets/images/10317841/2019/8/8/dc7bb0aa-34f6-435a-9649-f7381927ba251565268692798-Jaipur-Kurti-Women-Kurta-Sets-6041565268691298-1.jpg,2356,2003,1970,4.167005076,"4,43,33,33,24,424",To-Fit Denotes Body Measurements in,Slip-On,Silk Blend,Solid,Palazzos,With Dupatta,Taping,Net,Printed,Pastels,Round Neck,0,Daily,None,Geometric,Three-Quarter Sleeves,Regular Sleeves,Side Slits,Ready to Wear,Sustainable,Regular,Silk Blend,Straight,Calf Length,Solid,Straight,Kurta,Partially Elasticated,Hand Wash,Regular,Machine Weave,Thread Work
18929148,Vishudh Women Turquoise Blue Pleated Kurti with Trouser & With Dupatta,2349,Turquoise Blue,Vishudh,http://assets.myntassets.com/assets/images/18929148/2022/7/1/7a6c7397-7bc3-4f19-8ab8-ba126444b0611656672761489VishudhWomenTurquoiseBluePleatedKurtiwithDhotiPantsWithDupat1.jpg,78,59,45,3.88876,"4,43,33,33,24,424",Garment Measurements in,Slip-On,Polyester,Printed,Dhoti Pants,With Dupatta,Tassels,Viscose Rayon,Self Design,Indigo,Round Neck,2,Daily,None,Geometric,Short Sleeves,Regular Sleeves,Side Slits,Ready to Wear,Regular,Pleated,Polyester,Flared,Above Knee,Printed,A-Line,Kurti,Elasticated,Machine Wash,Regular,Machine Weave,Sequinned
14848486,Biba Women Yellow Printed Regular Kurta with Palazzos & With Dupatta,4995,Yellow,Biba,http://assets.myntassets.com/assets/images/14848486/2021/9/1/849c44d7-0274-49fa-bb15-c5d786b74e351630497951879-Biba-Women-Yellow-Printed-Regular-Gotta-Patti-Kurta-with-Tro-1.jpg,98,64,45,4.222222222,"4,43,33,33,24,424",To-Fit Denotes Body Measurements in,Hook and Eye,Cotton Blend,Printed,Palazzos,With Dupatta,Taping,Velvet,Solid,Floral,Round Neck,1,Daily,Large,Striped,Three-Quarter Sleeves,Regular Sleeves,Side Slits,Ready to Wear,Regular,Regular,Cotton Blend,Straight,Calf Length,Printed,Straight,Kurta,Elasticated,Hand Wash,Regular,Machine Weave,Zari
19265068,Baisacrafts Women Magenta Floral Printed Pure Cotton Kurta Set With Dupatta,5499,Magenta,Baisacrafts,http://assets.myntassets.com/assets/images/19265068/2022/7/27/aa4d0af3-23d2-4a01-b029-6783f01ac6531658894918812BaisacraftsWomenMagentaEthnicMotifsPrintedPureCottonKurtawit1.jpg,17,12,7,3.2456,"3,33,424",Garment Measurements in,Slip-On,Pure Cotton,Printed,Trousers,With Dupatta,Fringed,Poly Chiffon,Printed,Indigo,Boat Neck,2,Daily,Large,Floral,Three-Quarter Sleeves,Regular Sleeves,,Ready to Wear,Regular,Regular,Pure Cotton,Flared,Calf Length,Printed,Anarkali,Kurta,Elasticated,Dry Clean,Regular,Machine Weave,Gotta Patti
15798294,Indo Era Women Pink Floral Embroidered Kurta with Palazzos & With Dupatta,6199,Pink,Indo Era,http://assets.myntassets.com/assets/images/15798294/2021/10/12/900caf30-08c1-43a9-a2c4-09534e608a6c1634021324400IndoEraWomenPinkEmbroideredPanelledKurtiwithTrousersWithDupa1.jpg,394,234,108,4.018518519,"4,43,33,33,24,424",Garment Measurements in,Slip-On,Viscose Rayon,Solid,Palazzos,With Dupatta,Taping,Silk Chiffon,Embroidered,Pastel,Round Neck,1,Festive,Placement,Floral,Three-Quarter Sleeves,Regular Sleeves,Side Slits,Ready to Wear,Regular,Regular,Viscose Rayon,Straight,Calf Length,Solid,Straight,Kurta,Partially Elasticated,Dry Clean,Regular,Machine Weave,Zari
17193238,KALINI Women Green Floral Printed Gotta Patti Kurta with Sharara,2499,Green,KALINI,http://assets.myntassets.com/assets/images/17193238/2022/2/17/1cfda136-56ea-48e0-97b6-77a4c22a2c541645095163249KALINIWomenGreenFloralPrintedGottaPattiKurtawithSharara1.jpg,876,654,268,4.503731343,"4,43,33,33,24,424",To-Fit Denotes Body Measurements in,Slip-On,Viscose Rayon,Printed,Sharara,No Dupatta,No Dupatta,No Dupatta,No Dupatta,Floral,V-Neck,0,Daily,Large,Floral,Sleeveless,Shoulder Straps,Side Slits,Ready to Wear,Regular,Regular,Viscose Rayon,Straight,Above Knee,Printed,Straight,Kurta,Elasticated,Hand Wash,Regular,Machine Weave,Gotta Patti
